﻿[{"id":"bitcoin","symbol":"btc","name":"Bitcoin","image":"https://coin-images.coingecko.com/coins/images/1/large/bitcoin.png?1696501400","current_price":346323,"market_cap":6933073157821,"market_cap_rank":1,"fully_diluted_valuation":6933073157821,"total_volume":241432370517,"high_24h":354051,"low_24h":339714,"price_change_24h":-3447.5037326087477,"price_change_percentage_24h":-0.98565,"market_cap_change_24h":-82706311686.6289,"market_cap_change_percentage_24h":-1.17886,"circulating_supply":19988443.0,"total_supply":19988443.0,"max_supply":21000000.0,"ath":685780,"ath_change_percentage":-49.49945,"ath_date":"2025-07-14T07:56:01.937Z","atl":149.66,"atl_change_percentage":231308.57574,"atl_date":"2013-07-05T00:00:00.000Z","roi":null,"last_updated":"2026-02-13T04:24:13.382Z"},{"id":"ethereum","symbol":"eth","name":"Ethereum","image":"https://coin-images.coingecko.com/coins/images/279/large/ethereum.png?1696501628","current_price":10163.13,"market_cap":1228288400719,"market_cap_rank":2,"fully_diluted_valuation":1228288400719,"total_volume":105462023364,"high_24h":10371.2,"low_24h":9876.26,"price_change_24h":-47.573736501793974,"price_change_percentage_24h":-0.46592,"market_cap_change_24h":-7292477055.909912,"market_cap_change_percentage_24h":-0.59021,"circulating_supply":120692487.0205293,"total_supply":120692487.0205293,"max_supply":null,"ath":26931,"ath_change_percentage":-62.26235,"ath_date":"2021-11-09T04:03:16.303Z","atl":1.69,"atl_change_percentage":600738.49849,"atl_date":"2015-10-20T00:00:00.000Z","roi":{"times":38.24082227475969,"currency":"btc","percentage":3824.0822274759685},"last_updated":"2026-02-13T04:24:13.964Z"},{"id":"tether","symbol":"usdt","name":"Tether","image":"https://coin-images.coingecko.com/coins/images/325/large/Tether.png?1696501661","current_price":5.21,"market_cap":957796897190,"market_cap_rank":3,"fully_diluted_valuation":986270366386,"total_volume":394323560055,"high_24h":5.21,"low_24h":5.16,"price_change_24h":0.0108858,"price_change_percentage_24h":0.20947,"market_cap_change_24h":1434092535,"market_cap_change_percentage_24h":0.14995,"circulating_supply":183898052239.9661,"total_supply":189364989479.9062,"max_supply":null,"ath":7.24,"ath_change_percentage":-28.02375,"ath_date":"2025-01-25T16:51:57.989Z","atl":1.72,"atl_change_percentage":203.10276,"atl_date":"2015-03-02T00:00:00.000Z","roi":null,"last_updated":"2026-02-13T04:24:10.968Z"},{"id":"ripple","symbol":"xrp","name":"XRP","image":"https://coin-images.coingecko.com/coins/images/44/large/xrp-symbol-white-128.png?1696501442","current_price":7.11,"market_cap":433622886599,"market_cap_rank":4,"fully_diluted_valuation":711720415283,"total_volume":13061572544,"high_24h":7.29,"low_24h":7.02,"price_change_24h":-0.051040042438499356,"price_change_percentage_24h":-0.71313,"market_cap_change_24h":-2186529073.6273193,"market_cap_change_percentage_24h":-0.50172,"circulating_supply":60917315351.0,"total_supply":99985721048.0,"max_supply":100000000000.0,"ath":20.48,"ath_change_percentage":-65.29707,"ath_date":"2025-01-16T19:40:56.912Z","atl":0.00605732,"atl_change_percentage":117214.58032,"atl_date":"2013-08-16T00:00:00.000Z","roi":null,"last_updated":"2026-02-13T04:24:09.385Z"},{"id":"binancecoin","symbol":"bnb","name":"BNB","image":"https://coin-images.coingecko.com/coins/images/825/large/bnb-icon2_2x.png?1696501970","current_price":3166.03,"market_cap":432555959959,"market_cap_rank":5,"fully_diluted_valuation":432555959959,"total_volume":5343275951,"high_24h":3215.38,"low_24h":3124.93,"price_change_24h":-32.082632154949806,"price_change_percentage_24h":-1.00317,"market_cap_change_24h":-5087036401.458008,"market_cap_change_percentage_24h":-1.16237,"circulating_supply":136359407.99,"total_supply":136359401.89,"max_supply":200000000.0,"ath":7594.15,"ath_change_percentage":-58.30962,"ath_date":"2025-10-13T09:01:01.680Z","atl":0.126083,"atl_change_percentage":2510972.82619,"atl_date":"2017-10-19T00:00:00.000Z","roi":null,"last_updated":"2026-02-13T04:24:13.182Z"},{"id":"usd-coin","symbol":"usdc","name":"USDC","image":"https://coin-images.coingecko.com/coins/images/6319/large/USDC.png?1769615602","current_price":5.21,"market_cap":381193377483,"market_cap_rank":6,"fully_diluted_valuation":381285842469,"total_volume":25100838438,"high_24h":5.21,"low_24h":5.16,"price_change_24h":0.01184088,"price_change_percentage_24h":0.22774,"market_cap_change_24h":18911432,"market_cap_change_percentage_24h":0.00496,"circulating_supply":73150103658.80038,"total_supply":73167847469.96288,"max_supply":null,"ath":91.32,"ath_change_percentage":-94.29348,"ath_date":"2025-01-23T04:45:51.184Z","atl":3.66,"atl_change_percentage":42.38777,"atl_date":"2019-01-10T00:00:00.000Z","roi":null,"last_updated":"2026-02-13T04:24:11.290Z"},{"id":"solana","symbol":"sol","name":"Solana","image":"https://coin-images.coingecko.com/coins/images/4128/large/solana.png?1718769756","current_price":411.55,"market_cap":233907233692,"market_cap_rank":7,"fully_diluted_valuation":255500286055,"total_volume":20307683090,"high_24h":425.96,"low_24h":400.02,"price_change_24h":-7.47617695879859,"price_change_percentage_24h":-1.78417,"market_cap_change_24h":-4073000078.565277,"market_cap_change_percentage_24h":-1.71149,"circulating_supply":567837224.1116134,"total_supply":620256889.4637042,"max_supply":null,"ath":1791.29,"ath_change_percentage":-77.02479,"ath_date":"2025-01-19T11:15:27.957Z","atl":2.71,"atl_change_percentage":15077.1878,"atl_date":"2020-04-21T11:37:15.012Z","roi":null,"last_updated":"2026-02-13T04:24:09.858Z"},{"id":"tron","symbol":"trx","name":"TRON","image":"https://coin-images.coingecko.com/coins/images/1094/large/tron-logo.png?1696502193","current_price":1.45,"market_cap":137623414326,"market_cap_rank":8,"fully_diluted_valuation":137624490950,"total_volume":3247529564,"high_24h":1.46,"low_24h":1.43,"price_change_24h":0.00223465,"price_change_percentage_24h":0.15414,"market_cap_change_24h":356718568,"market_cap_change_percentage_24h":0.25987,"circulating_supply":94721528706.1597,"total_supply":94722269709.59079,"max_supply":null,"ath":2.61,"ath_change_percentage":-44.31046,"ath_date":"2024-12-04T00:10:40.323Z","atl":0.00591448,"atl_change_percentage":24449.89018,"atl_date":"2017-11-12T00:00:00.000Z","roi":{"times":145.62231384552206,"currency":"usd","percentage":14562.231384552206},"last_updated":"2026-02-13T04:24:10.968Z"},{"id":"figure-heloc","symbol":"figr_heloc","name":"Figure Heloc","image":"https://coin-images.coingecko.com/coins/images/68480/large/figure.png?1755863954","current_price":5.42,"market_cap":82028690682,"market_cap_rank":9,"fully_diluted_valuation":82028690682,"total_volume":693177719,"high_24h":5.45,"low_24h":5.35,"price_change_24h":-0.00909067180999834,"price_change_percentage_24h":-0.16734,"market_cap_change_24h":64700854,"market_cap_change_percentage_24h":0.07894,"circulating_supply":15117692005.317,"total_supply":15117692005.317,"max_supply":null,"ath":7.36,"ath_change_percentage":-26.36141,"ath_date":"2025-10-28T06:00:43.161Z","atl":0.83658,"atl_change_percentage":548.25969,"atl_date":"2025-10-31T14:17:29.218Z","roi":null,"last_updated":"2026-02-13T04:24:04.657Z"},{"id":"dogecoin","symbol":"doge","name":"Dogecoin","image":"https://coin-images.coingecko.com/coins/images/5/large/dogecoin.png?1696501409","current_price":0.482114,"market_cap":81369394019,"market_cap_rank":10,"fully_diluted_valuation":81392318592,"total_volume":4574887602,"high_24h":0.488522,"low_24h":0.473014,"price_change_24h":0.00389752,"price_change_percentage_24h":0.81501,"market_cap_change_24h":613637013,"market_cap_change_percentage_24h":0.75987,"circulating_supply":168669383126.5791,"total_supply":168716903126.579,"max_supply":null,"ath":3.83,"ath_change_percentage":-87.41237,"ath_date":"2021-05-08T05:08:23.458Z","atl":0.00024014,"atl_change_percentage":200662.69928,"atl_date":"2014-08-18T00:00:00.000Z","roi":null,"last_updated":"2026-02-13T04:24:04.349Z"},{"id":"whitebit","symbol":"wbt","name":"WhiteBIT Coin","image":"https://coin-images.coingecko.com/coins/images/27045/large/wbt_token.png?1696526096","current_price":262.29,"market_cap":55951300820,"market_cap_rank":11,"fully_diluted_valuation":83839575955,"total_volume":372183367,"high_24h":266.56,"low_24h":256.69,"price_change_24h":-1.3002604017593171,"price_change_percentage_24h":-0.49328,"market_cap_change_24h":-378947963.0649109,"market_cap_change_percentage_24h":-0.67273,"circulating_supply":213667339.0,"total_supply":320167339.0,"max_supply":400000000.0,"ath":350.93,"ath_change_percentage":-25.26745,"ath_date":"2025-12-10T20:51:14.084Z","atl":15.82,"atl_change_percentage":1557.92725,"atl_date":"2023-02-13T22:44:57.593Z","roi":null,"last_updated":"2026-02-13T04:24:11.368Z"},{"id":"bitcoin-cash","symbol":"bch","name":"Bitcoin Cash","image":"https://coin-images.coingecko.com/coins/images/780/large/bitcoin-cash-circle.png?1696501932","current_price":2661.77,"market_cap":53286337118,"market_cap_rank":12,"fully_diluted_valuation":53286478701,"total_volume":1545141554,"high_24h":2676.18,"low_24h":2580.48,"price_change_24h":-6.651962747498146,"price_change_percentage_24h":-0.24928,"market_cap_change_24h":-218174770.18795776,"market_cap_change_percentage_24h":-0.40777,"circulating_supply":19994237.39665078,"total_supply":19994290.52165078,"max_supply":21000000.0,"ath":12485.61,"ath_change_percentage":-78.68133,"ath_date":"2017-12-20T00:00:00.000Z","atl":301.35,"atl_change_percentage":783.27035,"atl_date":"2018-12-16T00:00:00.000Z","roi":null,"last_updated":"2026-02-13T04:24:13.607Z"},{"id":"cardano","symbol":"ada","name":"Cardano","image":"https://coin-images.coingecko.com/coins/images/975/large/cardano.png?1696502090","current_price":1.37,"market_cap":50414694993,"market_cap_rank":13,"fully_diluted_valuation":61657936030,"total_volume":2471624564,"high_24h":1.4,"low_24h":1.34,"price_change_24h":0.0235632,"price_change_percentage_24h":1.75126,"market_cap_change_24h":899361676,"market_cap_change_percentage_24h":1.81633,"circulating_supply":36794311012.29324,"total_supply":45000000000.0,"max_supply":45000000000.0,"ath":16.01,"ath_change_percentage":-91.449,"ath_date":"2021-09-02T06:00:10.474Z","atl":0.069678,"atl_change_percentage":1864.85045,"atl_date":"2017-11-02T00:00:00.000Z","roi":null,"last_updated":"2026-02-13T04:24:03.497Z"},{"id":"usds","symbol":"usds","name":"USDS","image":"https://coin-images.coingecko.com/coins/images/39926/large/usds.webp?1726666683","current_price":5.21,"market_cap":50339355994,"market_cap_rank":14,"fully_diluted_valuation":50339355994,"total_volume":10728182,"high_24h":5.21,"low_24h":5.15,"price_change_24h":0.01168531,"price_change_percentage_24h":0.22472,"market_cap_change_24h":154031949,"market_cap_change_percentage_24h":0.30693,"circulating_supply":9660040005.206871,"total_supply":9660040005.206871,"max_supply":null,"ath":6.76,"ath_change_percentage":-22.92459,"ath_date":"2024-12-26T00:08:16.848Z","atl":5.15,"atl_change_percentage":1.25932,"atl_date":"2026-02-12T14:15:20.546Z","roi":null,"last_updated":"2026-02-13T04:24:10.987Z"},{"id":"leo-token","symbol":"leo","name":"LEO Token","image":"https://coin-images.coingecko.com/coins/images/8418/large/leo-token.png?1696508607","current_price":42.49,"market_cap":39146473347,"market_cap_rank":15,"fully_diluted_valuation":41859957539,"total_volume":20784285,"high_24h":44.48,"low_24h":42.05,"price_change_24h":-1.3354232376590218,"price_change_percentage_24h":-3.04738,"market_cap_change_24h":-1213970376.1604614,"market_cap_change_percentage_24h":-3.00782,"circulating_supply":921373413.9,"total_supply":985239504.0,"max_supply":null,"ath":64.37,"ath_change_percentage":-33.99757,"ath_date":"2024-12-25T22:30:44.265Z","atl":3.23,"atl_change_percentage":1214.96193,"atl_date":"2019-12-31T12:19:48.870Z","roi":null,"last_updated":"2026-02-13T04:24:06.425Z"},{"id":"hyperliquid","symbol":"hype","name":"Hyperliquid","image":"https://coin-images.coingecko.com/coins/images/50882/large/hyperliquid.jpg?1729431300","current_price":160.84,"market_cap":38385617636,"market_cap_rank":16,"fully_diluted_valuation":154948650207,"total_volume":1584979130,"high_24h":164.41,"low_24h":152.94,"price_change_24h":1.78,"price_change_percentage_24h":1.12105,"market_cap_change_24h":473690348,"market_cap_change_percentage_24h":1.24945,"circulating_supply":238385315.9541414,"total_supply":962274028.9541414,"max_supply":1000000000.0,"ath":314.93,"ath_change_percentage":-48.92736,"ath_date":"2025-09-18T03:30:30.650Z","atl":23.0,"atl_change_percentage":599.20983,"atl_date":"2024-11-29T09:30:30.871Z","roi":null,"last_updated":"2026-02-13T04:24:05.663Z"},{"id":"ethena-usde","symbol":"usde","name":"Ethena USDe","image":"https://coin-images.coingecko.com/coins/images/33613/large/usde.png?1733810059","current_price":5.2,"market_cap":33002553456,"market_cap_rank":17,"fully_diluted_valuation":33002553456,"total_volume":428581406,"high_24h":5.21,"low_24h":5.15,"price_change_24h":0.01152941,"price_change_percentage_24h":0.22205,"market_cap_change_24h":-80095791.64495087,"market_cap_change_percentage_24h":-0.24211,"circulating_supply":6338134609.28583,"total_supply":6338134609.28583,"max_supply":null,"ath":6.74,"ath_change_percentage":-22.8006,"ath_date":"2024-12-26T00:07:45.091Z","atl":4.79,"atl_change_percentage":8.59472,"atl_date":"2024-01-12T22:09:36.309Z","roi":null,"last_updated":"2026-02-13T04:24:04.585Z"},{"id":"monero","symbol":"xmr","name":"Monero","image":"https://coin-images.coingecko.com/coins/images/69/large/monero_logo.png?1696501460","current_price":1733.97,"market_cap":32019626816,"market_cap_rank":18,"fully_diluted_valuation":32019626816,"total_volume":375479684,"high_24h":1831.16,"low_24h":1689.49,"price_change_24h":-92.0561323587549,"price_change_percentage_24h":-5.04133,"market_cap_change_24h":-1522254509.6323586,"market_cap_change_percentage_24h":-4.53837,"circulating_supply":18446744.07370955,"total_supply":18446744.07370955,"max_supply":null,"ath":4305.61,"ath_change_percentage":-59.72767,"ath_date":"2026-01-14T19:34:07.049Z","atl":0.567742,"atl_change_percentage":305315.59374,"atl_date":"2015-01-14T00:00:00.000Z","roi":null,"last_updated":"2026-02-13T04:24:07.415Z"},{"id":"canton-network","symbol":"cc","name":"Canton","image":"https://coin-images.coingecko.com/coins/images/70468/large/Canton-Ticker_%281%29.png?1762826299","current_price":0.829088,"market_cap":31296091936,"market_cap_rank":19,"fully_diluted_valuation":31296091936,"total_volume":74852527,"high_24h":0.89445,"low_24h":0.827265,"price_change_24h":-0.04155999490592921,"price_change_percentage_24h":-4.77345,"market_cap_change_24h":-1517091505.7948494,"market_cap_change_percentage_24h":-4.62342,"circulating_supply":37740238221.71751,"total_supply":37740238221.71751,"max_supply":null,"ath":1.024,"ath_change_percentage":-18.28268,"ath_date":"2026-02-03T10:30:52.038Z","atl":0.321055,"atl_change_percentage":160.51188,"atl_date":"2025-12-06T10:32:09.784Z","roi":null,"last_updated":"2026-02-13T04:24:03.165Z"},{"id":"chainlink","symbol":"link","name":"Chainlink","image":"https://coin-images.coingecko.com/coins/images/877/large/Chainlink_Logo_500.png?1760023405","current_price":43.79,"market_cap":31036764429,"market_cap_rank":20,"fully_diluted_valuation":43831048898,"total_volume":1594025683,"high_24h":44.53,"low_24h":42.61,"price_change_24h":0.070709,"price_change_percentage_24h":0.16175,"market_cap_change_24h":44320524,"market_cap_change_percentage_24h":0.143,"circulating_supply":708099970.4525867,"total_supply":1000000000.0,"max_supply":1000000000.0,"ath":276.85,"ath_change_percentage":-84.18417,"ath_date":"2021-05-05T07:29:57.467Z","atl":0.481059,"atl_change_percentage":9001.98031,"atl_date":"2017-11-29T00:00:00.000Z","roi":null,"last_updated":"2026-02-13T04:24:03.876Z"}]
